{
  "run_id": "causal_eval_v1_smoke_causal_ep002",
  "scene_id": "scene_causal_eval_v1_smoke_causal_ep002",
  "object_id": "red_block",
  "probe_action": "lateral_push",
  "contact_region": "side_center",
  "before_position": [
    0.5460833317732099,
    0.09964052044448113,
    0.645
  ],
  "after_position": [
    0.5969292066095706,
    0.26152423229994043,
    0.644989967722657
  ],
  "displacement_xy": 0.16968099231197417,
  "before_world_state": {
    "instruction": "probe red_block",
    "object_positions": {
      "red_block": [
        0.5460833317732099,
        0.09964052044448113,
        0.645
      ],
      "blue_block": [
        0.6351356447231166,
        -0.0017751842146693664,
        0.645
      ]
    },
    "zone_positions": {
      "green_zone": [
        0.5,
        -0.1,
        0.623
      ],
      "yellow_zone": [
        0.42,
        0.14,
        0.623
      ],
      "blue_zone": [
        0.65,
        0.13,
        0.623
      ]
    },
    "end_effector_position": [
      0.2938053011894226,
      -0.003246255684643984,
      0.5497581362724304
    ],
    "held_object_name": null
  },
  "after_world_state": {
    "instruction": "probe red_block",
    "object_positions": {
      "red_block": [
        0.5969292066095706,
        0.26152423229994043,
        0.644989967722657
      ],
      "blue_block": [
        0.6351356287708202,
        -0.001770597026006148,
        0.6449899999902309
      ]
    },
    "zone_positions": {
      "green_zone": [
        0.5,
        -0.1,
        0.623
      ],
      "yellow_zone": [
        0.42,
        0.14,
        0.623
      ],
      "blue_zone": [
        0.65,
        0.13,
        0.623
      ]
    },
    "end_effector_position": [
      0.524368941783905,
      0.09686987847089767,
      0.7235523462295532
    ],
    "held_object_name": null
  }
}