{
  "run_id": "causal_eval_v3_smoke_causal_ep001",
  "scene_id": "scene_causal_eval_v3_smoke_causal_ep001",
  "object_id": "red_block",
  "probe_action": "lateral_push",
  "contact_region": "side_center",
  "before_position": [
    0.5461911988496396,
    0.1000251575523125,
    0.645
  ],
  "after_position": [
    0.5970302637137438,
    0.26188370297019486,
    0.6449899673921661
  ],
  "displacement_xy": 0.1696549416935719,
  "before_world_state": {
    "instruction": "probe red_block",
    "object_positions": {
      "red_block": [
        0.5461911988496396,
        0.1000251575523125,
        0.645
      ],
      "blue_block": [
        0.6401182271277307,
        0.003600005876492754,
        0.645
      ]
    },
    "zone_positions": {
      "green_zone": [
        0.5,
        -0.1,
        0.623
      ],
      "yellow_zone": [
        0.42,
        0.14,
        0.623
      ],
      "blue_zone": [
        0.65,
        0.13,
        0.623
      ]
    },
    "end_effector_position": [
      0.2938053011894226,
      -0.003246255684643984,
      0.5497581362724304
    ],
    "held_object_name": null
  },
  "after_world_state": {
    "instruction": "probe red_block",
    "object_positions": {
      "red_block": [
        0.5970302637137438,
        0.26188370297019486,
        0.6449899673921661
      ],
      "blue_block": [
        0.6401182111754343,
        0.0036045930651559745,
        0.6449899999902309
      ]
    },
    "zone_positions": {
      "green_zone": [
        0.5,
        -0.1,
        0.623
      ],
      "yellow_zone": [
        0.42,
        0.14,
        0.623
      ],
      "blue_zone": [
        0.65,
        0.13,
        0.623
      ]
    },
    "end_effector_position": [
      0.5244672298431396,
      0.09699230641126633,
      0.7236440777778625
    ],
    "held_object_name": null
  }
}