{
  "run_id": "causal_eval_v1_smoke_random_ep001",
  "scene_id": "scene_causal_eval_v1_smoke_random_ep001",
  "object_id": "blue_block",
  "probe_action": "lateral_push",
  "contact_region": "side_center",
  "before_position": [
    0.6372670585938105,
    0.004622950358343828,
    0.645
  ],
  "after_position": [
    0.6791493643669408,
    0.16487672258419397,
    0.6449894255537881
  ],
  "displacement_xy": 0.1656363457985253,
  "before_world_state": {
    "instruction": "probe blue_block",
    "object_positions": {
      "blue_block": [
        0.6372670585938105,
        0.004622950358343828,
        0.645
      ],
      "red_block": [
        0.5462633089865087,
        0.10204816922871608,
        0.645
      ]
    },
    "zone_positions": {
      "green_zone": [
        0.5,
        -0.1,
        0.623
      ],
      "yellow_zone": [
        0.42,
        0.14,
        0.623
      ],
      "blue_zone": [
        0.65,
        0.13,
        0.623
      ]
    },
    "end_effector_position": [
      0.2938053011894226,
      -0.003246255684643984,
      0.5497581362724304
    ],
    "held_object_name": null
  },
  "after_world_state": {
    "instruction": "probe blue_block",
    "object_positions": {
      "blue_block": [
        0.6791493643669408,
        0.16487672258419397,
        0.6449894255537881
      ],
      "red_block": [
        0.5462632922122582,
        0.10205285943874629,
        0.6449899999526072
      ]
    },
    "zone_positions": {
      "green_zone": [
        0.5,
        -0.1,
        0.623
      ],
      "yellow_zone": [
        0.42,
        0.14,
        0.623
      ],
      "blue_zone": [
        0.65,
        0.13,
        0.623
      ]
    },
    "end_effector_position": [
      0.5315102934837341,
      -0.1734284609556198,
      0.8394156098365784
    ],
    "held_object_name": null
  }
}