{
  "run_id": "causal_eval_v2_smoke_curiosity_ep001",
  "scene_id": "scene_causal_eval_v2_smoke_curiosity_ep001",
  "object_id": "blue_block",
  "probe_action": "lateral_push",
  "contact_region": "side_center",
  "before_position": [
    0.6398131574622039,
    0.0013520033230598047,
    0.645
  ],
  "after_position": [
    0.6846773678315866,
    0.16066849532379038,
    0.6449895245000097
  ],
  "displacement_xy": 0.16551296624581133,
  "before_world_state": {
    "instruction": "probe blue_block",
    "object_positions": {
      "blue_block": [
        0.6398131574622039,
        0.0013520033230598047,
        0.645
      ],
      "red_block": [
        0.54690777434416,
        0.09594090740033781,
        0.645
      ]
    },
    "zone_positions": {
      "green_zone": [
        0.5,
        -0.1,
        0.623
      ],
      "yellow_zone": [
        0.42,
        0.14,
        0.623
      ],
      "blue_zone": [
        0.65,
        0.13,
        0.623
      ]
    },
    "end_effector_position": [
      0.2938053011894226,
      -0.003246255684643984,
      0.5497581362724304
    ],
    "held_object_name": null
  },
  "after_world_state": {
    "instruction": "probe blue_block",
    "object_positions": {
      "blue_block": [
        0.6846773678315866,
        0.16066849532379038,
        0.6449895245000097
      ],
      "red_block": [
        0.5469059936897721,
        0.09595097675581098,
        0.6449886066594073
      ]
    },
    "zone_positions": {
      "green_zone": [
        0.5,
        -0.1,
        0.623
      ],
      "yellow_zone": [
        0.42,
        0.14,
        0.623
      ],
      "blue_zone": [
        0.65,
        0.13,
        0.623
      ]
    },
    "end_effector_position": [
      0.1077210009098053,
      -0.02490057609975338,
      0.8795034289360046
    ],
    "held_object_name": null
  }
}