{
  "run_id": "causal_eval_v2_smoke_curiosity_ep001",
  "scene_id": "scene_causal_eval_v2_smoke_curiosity_ep001",
  "object_id": "red_block",
  "probe_action": "lateral_push",
  "contact_region": "side_center",
  "before_position": [
    0.5469059936897721,
    0.09595097675581098,
    0.6449886066594073
  ],
  "after_position": [
    0.5476713936298906,
    0.09569697677638156,
    0.644988605143849
  ],
  "displacement_xy": 0.0008064447023097875,
  "before_world_state": {
    "instruction": "probe red_block",
    "object_positions": {
      "blue_block": [
        0.6846773678315866,
        0.16066849532379038,
        0.6449895245000097
      ],
      "red_block": [
        0.5469059936897721,
        0.09595097675581098,
        0.6449886066594073
      ]
    },
    "zone_positions": {
      "green_zone": [
        0.5,
        -0.1,
        0.623
      ],
      "yellow_zone": [
        0.42,
        0.14,
        0.623
      ],
      "blue_zone": [
        0.65,
        0.13,
        0.623
      ]
    },
    "end_effector_position": [
      0.1077210009098053,
      -0.02490057609975338,
      0.8795034289360046
    ],
    "held_object_name": null
  },
  "after_world_state": {
    "instruction": "probe red_block",
    "object_positions": {
      "blue_block": [
        0.6846750300182132,
        0.16067646401880215,
        0.6449896089858955
      ],
      "red_block": [
        0.5476713936298906,
        0.09569697677638156,
        0.644988605143849
      ]
    },
    "zone_positions": {
      "green_zone": [
        0.5,
        -0.1,
        0.623
      ],
      "yellow_zone": [
        0.42,
        0.14,
        0.623
      ],
      "blue_zone": [
        0.65,
        0.13,
        0.623
      ]
    },
    "end_effector_position": [
      0.3009054958820343,
      -0.5495986342430115,
      0.651709258556366
    ],
    "held_object_name": null
  }
}