{
  "run_id": "causal_eval_v2_smoke_random_ep002",
  "scene_id": "scene_causal_eval_v2_smoke_random_ep002",
  "object_id": "blue_block",
  "probe_action": "lateral_push",
  "contact_region": "side_center",
  "before_position": [
    0.6363853781728482,
    0.0036702056885266317,
    0.6449899999902309
  ],
  "after_position": [
    0.6756989070800524,
    0.16601660689336264,
    0.6449895039795462
  ],
  "displacement_xy": 0.16703864085683634,
  "before_world_state": {
    "instruction": "probe blue_block",
    "object_positions": {
      "red_block": [
        0.5994375531544041,
        0.26141520716951033,
        0.6449895891542353
      ],
      "blue_block": [
        0.6363853781728482,
        0.0036702056885266317,
        0.6449899999902309
      ]
    },
    "zone_positions": {
      "green_zone": [
        0.5,
        -0.1,
        0.623
      ],
      "yellow_zone": [
        0.42,
        0.14,
        0.623
      ],
      "blue_zone": [
        0.65,
        0.13,
        0.623
      ]
    },
    "end_effector_position": [
      0.5722897052764893,
      0.09171126037836075,
      0.6909489035606384
    ],
    "held_object_name": null
  },
  "after_world_state": {
    "instruction": "probe blue_block",
    "object_positions": {
      "red_block": [
        0.5994381530871316,
        0.26141317044340906,
        0.6449892947412681
      ],
      "blue_block": [
        0.6756989070800524,
        0.16601660689336264,
        0.6449895039795462
      ]
    },
    "zone_positions": {
      "green_zone": [
        0.5,
        -0.1,
        0.623
      ],
      "yellow_zone": [
        0.42,
        0.14,
        0.623
      ],
      "blue_zone": [
        0.65,
        0.13,
        0.623
      ]
    },
    "end_effector_position": [
      0.020365338772535324,
      -0.07350929081439972,
      0.8624021410942078
    ],
    "held_object_name": null
  }
}