{
  "run_id": "causal_eval_v2_smoke_curiosity_ep000",
  "scene_id": "scene_causal_eval_v2_smoke_curiosity_ep000",
  "object_id": "red_block",
  "probe_action": "lateral_push",
  "contact_region": "side_center",
  "before_position": [
    0.5484851918774197,
    0.10061263529161917,
    0.6449886067054457
  ],
  "after_position": [
    0.8250935604965408,
    -0.043495411762395825,
    0.6449888216744867
  ],
  "displacement_xy": 0.31189632703168174,
  "before_world_state": {
    "instruction": "probe red_block",
    "object_positions": {
      "blue_block": [
        0.6816305815309689,
        0.1590602639527315,
        0.6449883060647021
      ],
      "red_block": [
        0.5484851918774197,
        0.10061263529161917,
        0.6449886067054457
      ]
    },
    "zone_positions": {
      "green_zone": [
        0.5,
        -0.1,
        0.623
      ],
      "yellow_zone": [
        0.42,
        0.14,
        0.623
      ],
      "blue_zone": [
        0.65,
        0.13,
        0.623
      ]
    },
    "end_effector_position": [
      -0.023490233346819878,
      -0.017414340749382973,
      0.8390985131263733
    ],
    "held_object_name": null
  },
  "after_world_state": {
    "instruction": "probe red_block",
    "object_positions": {
      "blue_block": [
        0.6816277307856841,
        0.15906252158038212,
        0.6449893680282
      ],
      "red_block": [
        0.8250935604965408,
        -0.043495411762395825,
        0.6449888216744867
      ]
    },
    "zone_positions": {
      "green_zone": [
        0.5,
        -0.1,
        0.623
      ],
      "yellow_zone": [
        0.42,
        0.14,
        0.623
      ],
      "blue_zone": [
        0.65,
        0.13,
        0.623
      ]
    },
    "end_effector_position": [
      0.4519769549369812,
      -0.05388317257165909,
      0.8386431932449341
    ],
    "held_object_name": null
  }
}